dhsclust,urban_rural,NumOfResCS,cSectionPerClus,weightDenomCS,wNumOfCsection,cSecRate
1,rural,7,3,4.649357915,1.992581964,42.85714286
2,rural,8,0,5.423943996,0,0
3,rural,10,3,7.266169786,2.179850936,30
4,rural,6,3,4.041870117,2.020935059,50
5,rural,9,3,5.384151042,1.794717014,33.33333333
6,rural,8,2,4.750199795,1.187549949,25
7,rural,5,3,1.553695053,0.932217032,60
8,rural,5,2,1.559800059,0.623920023,40
9,rural,6,2,4.1564219,1.385473967,33.33333333
10,rural,11,4,6.990829945,2.54211998,36.36363636
11,rural,5,2,3.192735016,1.277094007,40
12,rural,6,3,4.132961869,2.066480935,50
13,rural,5,1,3.318434954,0.663686991,20
14,rural,6,1,3.933851838,0.655641973,16.66666667
15,rural,8,2,4.71955204,1.17988801,25
16,rural,11,1,7.594114184,0.690374017,9.090909091
17,rural,7,4,2.777844995,1.587339997,57.14285714
18,rural,9,5,6.412220836,3.562344909,55.55555556
19,rural,5,3,4.022344947,2.413406968,60
20,rural,7,1,4.83852613,0.691218019,14.28571429
21,rural,12,0,7.513439655,0,0
22,rural,11,2,7.379800856,1.341781974,18.18181818
23,rural,10,3,6.335189939,1.900556982,30
24,rural,15,0,11.29350007,0,0
25,rural,12,0,7.40476799,0,0
26,rural,7,2,4.364240825,1.24692595,28.57142857
27,rural,11,2,11.03954494,2.007189989,18.18181818
28,rural,10,0,5.430170298,0,0
29,rural,13,2,7.908940256,1.216760039,15.38461538
30,rural,6,2,3.223386168,1.074462056,33.33333333
31,rural,6,2,2.44434607,0.814782023,33.33333333
32,rural,3,2,0.990767956,0.660511971,66.66666667
33,rural,5,1,3.279084861,0.655816972,20
34,rural,10,3,6.238039732,1.87141192,30
35,rural,8,0,4.826816082,0,0
36,rural,11,1,6.413780928,0.583070993,9.090909091
37,rural,4,0,2.715084076,0,0
38,rural,6,0,3.883391976,0,0
39,rural,7,0,5.79093194,0,0
40,rural,9,2,6.291504264,1.398112059,22.22222222
41,rural,6,3,3.975024104,1.987512052,50
42,rural,7,0,4.397624016,0,0
43,rural,7,4,4.34077692,2.480443954,57.14285714
44,rural,10,2,6.550679803,1.310135961,20
45,rural,5,2,3.646630049,1.45865202,40
46,rural,11,2,7.3680529,1.339645982,18.18181818
47,rural,9,2,5.957370222,1.323860049,22.22222222
48,rural,9,0,5.610167921,0,0
49,rural,10,6,6.511420012,3.906852007,60
50,urban,7,6,1.894073933,1.623491943,85.71428571
51,urban,9,4,4.790366828,2.129051924,44.44444444
52,urban,7,3,1.95221591,0.836663961,42.85714286
53,urban,7,1,2.207617909,0.315373987,14.28571429
54,urban,9,2,2.618342936,0.581853986,22.22222222
55,urban,7,2,2.053596944,0.586741984,28.57142857
56,urban,8,1,2.152856112,0.269107014,12.5
57,urban,13,1,4.039074033,0.310698003,7.692307692
58,urban,7,2,3.129230917,0.894065976,28.57142857
59,urban,9,1,2.457432121,0.273048013,11.11111111
60,urban,9,4,3.05072093,1.355875969,44.44444444
61,urban,6,3,2.033064008,1.016532004,50
62,urban,10,3,3.091090024,0.927327007,30
63,urban,7,3,1.731016025,0.741864011,42.85714286
64,urban,11,3,3.427160054,0.934680015,27.27272727
65,urban,3,3,0.626276985,0.626276985,100
66,urban,5,1,1.089034975,0.217806995,20
67,urban,12,1,2.765520036,0.230460003,8.333333333
68,urban,5,3,0.962914973,0.577748984,60
69,urban,4,3,0.634411991,0.475808993,75
70,urban,8,4,1.743144035,0.871572018,50
71,urban,4,3,0.765196025,0.573897019,75
72,rural,10,0,16.14238977,0,0
73,rural,18,4,26.66896176,5.926435947,22.22222222
74,rural,19,6,29.05210161,9.174347878,31.57894737
75,rural,11,4,16.41650939,5.969639778,36.36363636
76,rural,15,2,17.65887022,2.354516029,13.33333333
77,rural,15,5,23.14249456,7.714164853,33.33333333
78,rural,9,4,12.9327836,5.747903824,44.44444444
79,rural,12,4,18.00154781,6.000515938,33.33333333
80,rural,11,6,10.83908093,5.912225962,54.54545455
81,rural,9,4,12.68291652,5.636851788,44.44444444
82,rural,7,3,10.21036804,4.375872016,42.85714286
83,urban,8,2,8.488519669,2.122129917,25
84,rural,9,3,13.76499581,4.588331938,33.33333333
85,rural,22,1,34.28867173,1.558575988,4.545454545
86,rural,12,0,20.05520439,0,0
87,rural,9,1,15.29502332,1.699447036,11.11111111
88,rural,8,5,11.8656559,7.416034937,62.5
89,urban,9,3,11.12349629,3.707832098,33.33333333
90,rural,9,3,13.72432494,4.574774981,33.33333333
91,rural,4,1,5.815251827,1.453812957,25
92,rural,3,2,4.753656149,3.169104099,66.66666667
93,rural,10,0,13.41024995,0,0
94,rural,4,2,3.540976048,1.770488024,50
95,rural,10,0,13.51009011,0,0
96,rural,8,2,11.00095177,2.750237942,25
97,rural,9,3,8.942328215,2.980776072,33.33333333
98,rural,7,2,9.387174964,2.68204999,28.57142857
99,rural,8,4,11.97072792,5.98536396,50
100,rural,7,2,10.07662582,2.87903595,28.57142857
101,rural,5,2,7.001414895,2.800565958,40
102,rural,9,4,13.09891534,5.82174015,44.44444444
103,rural,15,9,15.82929075,9.497574449,60
104,rural,6,2,8.318897724,2.772965908,33.33333333
105,rural,8,0,10.98632813,0,0
106,rural,4,1,5.916004181,1.479001045,25
107,rural,11,6,8.904510915,4.857005954,54.54545455
108,rural,12,4,16.59883261,5.532944202,33.33333333
109,rural,18,1,26.89786792,1.494325995,5.555555556
110,rural,11,0,12.38201809,0,0
111,rural,11,1,16.00138128,1.454671025,9.090909091
112,rural,13,4,18.14109635,5.581875801,30.76923077
113,rural,15,2,21.82006538,2.909342051,13.33333333
114,rural,12,6,17.96163654,8.980818272,50
115,rural,10,2,14.02277946,2.804555893,20
116,rural,11,4,15.62634754,5.682308197,36.36363636
117,rural,3,0,4.704951167,0,0
118,rural,13,0,22.79417324,0,0
119,rural,11,7,15.97964513,10.16886508,63.63636364
120,rural,14,5,22.07029986,7.882249951,35.71428571
121,rural,9,1,11.8646636,1.318295956,11.11111111
122,rural,10,0,15.5467999,0,0
123,rural,14,4,28.63883305,8.182523727,28.57142857
124,rural,9,4,13.96143007,6.205080032,44.44444444
125,rural,19,0,27.55129194,0,0
126,rural,12,4,18.05798435,6.019328117,33.33333333
127,rural,11,5,16.51085758,7.504935265,45.45454545
128,rural,8,3,10.91003227,4.091262102,37.5
129,rural,16,1,23.83703995,1.489814997,6.25
130,rural,9,0,13.92602384,0,0
131,urban,9,0,9.493739963,0,0
132,urban,11,3,11.53900027,3.147000074,27.27272727
133,urban,5,1,5.726385117,1.145277023,20
134,urban,15,7,15.60990036,7.284620166,46.66666667
135,urban,7,3,9.542680025,4.089720011,42.85714286
136,urban,5,2,5.099269748,2.039707899,40
137,urban,7,5,7.542815328,5.387725234,71.42857143
138,urban,6,2,6.042174339,2.014058113,33.33333333
139,urban,6,2,6.161165714,2.053721905,33.33333333
140,urban,10,2,12.74119973,2.548239946,20
141,urban,14,5,14.2847178,5.101684928,35.71428571
142,urban,6,1,6.373464346,1.062244058,16.66666667
143,urban,15,5,15.03175557,5.010585189,33.33333333
144,urban,10,0,10.18818974,0,0
145,urban,8,0,8.337615967,0,0
146,urban,19,0,18.35409552,0,0
147,urban,13,3,13.62648237,3.144572854,23.07692308
148,urban,4,0,2.905771971,0,0
149,urban,9,5,6.537986934,3.632214963,55.55555556
150,urban,8,6,6.442527771,4.831895828,75
151,urban,4,4,3.039043903,3.039043903,100
152,urban,9,4,6.62302798,2.943567991,44.44444444
153,urban,8,3,5.505832195,2.064687073,37.5
154,urban,7,3,5.08942014,2.18118006,42.85714286
155,urban,8,0,6.107312202,0,0
156,urban,10,5,7.056440115,3.528220057,50
157,urban,5,1,3.43732506,0.687465012,20
158,urban,10,5,6.99796021,3.498980105,50
159,urban,3,2,1.569297016,1.04619801,66.66666667
160,urban,6,0,4.377617955,0,0
161,urban,4,2,3.401283979,1.70064199,50
162,urban,5,2,3.668864965,1.467545986,40
163,urban,3,0,2.324604034,0,0
164,rural,9,4,17.7265166,7.878451824,44.44444444
165,urban,6,3,9.319823742,4.659911871,50
166,urban,11,9,16.84881032,13.78539026,81.81818182
167,rural,5,4,9.942820072,7.954256058,80
168,urban,4,3,6.700716019,5.025537014,75
169,urban,7,4,10.51035988,6.005919933,57.14285714
170,urban,6,2,9.503562212,3.167854071,33.33333333
171,rural,12,5,24.27515888,10.11464953,41.66666667
172,rural,11,6,21.79885411,11.89028406,54.54545455
173,rural,11,1,21.98456728,1.998597026,9.090909091
174,urban,1,0,1.652253985,0,0
175,urban,7,3,10.78312898,4.62134099,42.85714286
176,urban,2,0,3.267096043,0,0
177,rural,6,2,12.67075825,4.223586082,33.33333333
178,rural,7,1,14.59959817,2.085656881,14.28571429
179,rural,8,3,16.18142319,6.068033695,37.5
180,rural,11,6,23.91177893,13.04278851,54.54545455
181,rural,6,0,11.73793173,0,0
182,rural,10,3,20.68111897,6.20433569,30
183,rural,15,5,32.77966619,10.9265554,33.33333333
184,rural,5,0,10.03623962,0,0
185,rural,8,3,16.78475189,6.29428196,37.5
186,rural,7,2,12.75216603,3.643476009,28.57142857
187,rural,8,1,15.2049036,1.90061295,12.5
188,rural,16,5,30.31216049,9.472550154,31.25
189,rural,6,3,11.00850606,5.50425303,50
190,rural,6,4,12.35123348,8.234155655,66.66666667
191,rural,10,1,19.60862041,1.960862041,10
192,rural,3,0,5.977466941,0,0
193,rural,9,7,17.76636028,13.81828022,77.77777778
194,rural,7,5,14.24787617,10.17705441,71.42857143
195,rural,7,3,16.39850116,7.027929068,42.85714286
196,rural,10,2,20.46864986,4.093729973,20
197,urban,6,4,9.424776077,6.283184052,66.66666667
198,urban,6,3,9.072312355,4.536156178,50
199,urban,6,3,9.540834188,4.770417094,50
200,rural,6,3,11.82843018,5.914215088,50
201,rural,10,8,19.36182976,15.48946381,80
202,rural,6,4,10.81636834,7.210912228,66.66666667
203,rural,15,1,33.1359601,2.209064007,6.666666667
204,rural,8,7,17.00585556,14.88012362,87.5
205,rural,8,3,17.85517693,6.695691347,37.5
206,rural,13,0,26.81906462,0,0
207,rural,7,0,16.43310142,0,0
208,rural,9,6,15.6189065,10.41260433,66.66666667
209,rural,10,5,21.95427895,10.97713947,50
210,rural,7,2,14.75327659,4.215221882,28.57142857
211,rural,9,1,17.57286036,1.95254004,11.11111111
212,rural,8,4,19.14054489,9.570272446,50
213,rural,3,2,6.339491844,4.226327896,66.66666667
214,rural,7,2,14.81913924,4.234039783,28.57142857
215,urban,12,4,19.72383642,6.574612141,33.33333333
216,urban,6,1,9.466295958,1.577715993,16.66666667
217,urban,7,3,12.66148138,5.426349163,42.85714286
218,urban,8,6,12.40307999,9.30230999,75
219,urban,9,6,15.88425314,10.5895021,66.66666667
220,urban,8,5,13.6636076,8.539754748,62.5
221,urban,14,4,22.36133122,6.388951778,28.57142857
222,urban,10,6,15.58516979,9.351101875,60
223,urban,4,1,7.233828068,1.808457017,25
224,urban,7,2,10.71409535,3.061170101,28.57142857
225,urban,6,4,9.793283701,6.528855801,66.66666667
226,urban,7,1,11.91362214,1.70194602,14.28571429
227,urban,9,5,14.19944394,7.888579965,55.55555556
228,urban,6,3,3.686597943,1.843298972,50
229,urban,6,3,10.8079741,5.40398705,50
230,urban,11,7,18.05191302,11.48758101,63.63636364
231,urban,7,3,9.364999056,4.013571024,42.85714286
233,urban,11,6,17.2182225,9.391757727,54.54545455
234,urban,3,1,5.21764183,1.739213943,33.33333333
235,urban,4,2,7.179964066,3.589982033,50
236,urban,7,4,11.66854477,6.667739868,57.14285714
237,urban,15,6,24.27255034,9.709020138,40
238,urban,10,8,16.14984989,12.91987991,80
239,urban,10,3,16.33348942,4.900046825,30
240,urban,4,1,6.274812222,1.568703055,25
241,urban,10,5,17.4841702,8.742085099,50
242,urban,7,1,10.0034132,1.429059029,14.28571429
243,urban,8,6,10.36694431,7.775208235,75
244,urban,8,5,8.43464756,5.271654725,62.5
245,urban,8,6,10.55458355,7.915937662,75
246,urban,9,5,11.30848181,6.282489896,55.55555556
247,urban,4,2,4.337316036,2.168658018,50
248,urban,11,5,14.10167027,6.409850121,45.45454545
249,urban,12,4,20.08302069,6.694340229,33.33333333
250,urban,9,5,12.79886413,7.11048007,55.55555556
251,urban,10,8,11.3894701,9.11157608,80
252,urban,7,2,9.097340226,2.599240065,28.57142857
253,urban,5,3,8.053590059,4.832154036,60
254,urban,5,1,6.942149997,1.388429999,20
255,urban,7,3,9.025043845,3.867875934,42.85714286
256,urban,5,3,6.133545041,3.680127025,60
257,urban,3,0,4.149903059,0,0
258,urban,2,2,1.752886057,1.752886057,100
259,urban,4,1,5.482520103,1.370630026,25
260,urban,7,3,7.454432964,3.194756985,42.85714286
261,urban,2,2,2.24475193,2.24475193,100
262,urban,1,1,0.899908006,0.899908006,100
263,urban,11,6,15.5338037,8.472983837,54.54545455
264,urban,5,4,7.379385233,5.903508186,80
265,urban,3,1,2.674167037,0.891389012,33.33333333
266,urban,10,5,22.84383059,11.42191529,50
267,urban,4,1,5.150244236,1.287561059,25
268,urban,11,0,6.933025122,0,0
269,rural,3,1,3.073437095,1.024479032,33.33333333
270,rural,10,3,10.80302,3.240906,30
271,rural,4,2,4.528091908,2.264045954,50
272,rural,9,3,5.353802919,1.784600973,33.33333333
273,rural,9,0,10.86260426,0,0
274,rural,6,3,6.04385376,3.02192688,50
275,rural,5,3,4.641005099,2.784603059,60
276,rural,8,3,9.861767769,3.698162913,37.5
277,rural,4,3,5.143703938,3.857777953,75
278,rural,5,2,5.18764019,2.075056076,40
279,rural,6,2,7.104180336,2.368060112,33.33333333
280,rural,11,8,12.35314322,8.984104156,72.72727273
281,rural,1,1,1.015056968,1.015056968,100
282,rural,2,1,2.387693882,1.193846941,50
283,rural,7,4,7.462476373,4.264272213,57.14285714
284,rural,6,2,6.994146109,2.331382036,33.33333333
285,rural,6,4,6.467981815,4.311987877,66.66666667
286,rural,8,1,9.56089592,1.19511199,12.5
287,rural,4,2,4.850004196,2.425002098,50
288,rural,8,2,6.699207783,1.674801946,25
289,rural,4,1,3.847739935,0.961934984,25
290,rural,9,4,9.401553512,4.178468227,44.44444444
291,rural,6,4,6.080484152,4.053656101,66.66666667
292,rural,2,0,1.893740058,0,0
293,rural,3,1,3.9950881,1.331696033,33.33333333
294,rural,9,3,10.16837132,3.389457107,33.33333333
295,rural,6,0,6.785081863,0,0
296,rural,7,6,7.364546061,6.312468052,85.71428571
297,urban,3,2,2.043759048,1.362506032,66.66666667
298,rural,4,1,4.271595955,1.067898989,25
299,rural,4,1,4.209648132,1.052412033,25
300,urban,8,2,5.099368095,1.274842024,25
301,rural,7,3,8.112628937,3.476840973,42.85714286
302,rural,4,0,3.830260038,0,0
303,rural,8,3,8.424768448,3.159288168,37.5
304,rural,12,4,13.59866381,4.532887936,33.33333333
305,rural,8,4,10.38303185,5.191515923,50
306,rural,2,1,1.989745975,0.994872987,50
307,rural,1,0,1.081240058,0,0
308,rural,8,5,9.164536476,5.727835298,62.5
309,rural,10,4,13.85050058,5.540200233,40
310,rural,7,2,6.688233852,1.910923958,28.57142857
311,rural,8,2,5.732872009,1.433218002,25
312,rural,9,3,10.37187052,3.457290173,33.33333333
313,rural,9,6,9.06578064,6.04385376,66.66666667
314,rural,7,5,7.815037847,5.58216989,71.42857143
315,rural,10,3,10.58097005,3.174291015,30
316,rural,9,4,8.831826031,3.925256014,44.44444444
317,rural,6,2,6.495732307,2.165244102,33.33333333
318,rural,4,1,4.594079971,1.148519993,25
319,rural,4,4,4.22510004,4.22510004,100
320,rural,4,1,4.45486021,1.113715053,25
321,rural,7,0,7.677929401,0,0
322,rural,6,4,6.245316267,4.163544178,66.66666667
323,rural,7,1,7.579999089,1.082857013,14.28571429
324,rural,2,1,2.201155901,1.10057795,50
325,rural,5,4,5.796775222,4.637420177,80
326,urban,11,5,7.459276259,3.390580118,45.45454545
327,urban,4,0,2.460275888,0,0
328,urban,12,7,8.581056118,5.005616069,58.33333333
329,urban,5,2,3.697989881,1.479195952,40
330,urban,4,2,2.5626719,1.28133595,50
331,urban,7,6,4.231240869,3.626777887,85.71428571
332,urban,6,4,2.918489993,1.945659995,66.66666667
333,urban,13,6,7.527845323,3.474390149,46.15384615
334,urban,6,4,3.174876094,2.116584063,66.66666667
335,urban,6,6,3.590207934,3.590207934,100
336,urban,7,4,4.162276924,2.378443956,57.14285714
337,urban,7,3,4.373467088,1.874343038,42.85714286
338,urban,7,5,4.877887011,3.484205008,71.42857143
339,urban,5,4,2.342080027,1.873664021,80
340,urban,9,0,6.328358889,0,0
341,urban,5,3,3.168469965,1.901081979,60
342,urban,5,2,3.085809946,1.234323978,40
343,urban,7,2,4.161548853,1.189013958,28.57142857
344,urban,4,4,1.844812036,1.844812036,100
345,urban,6,2,2.259174049,0.753058016,33.33333333
346,urban,3,1,1.10750404,0.369168013,33.33333333
347,urban,4,4,1.422799945,1.422799945,100
348,urban,6,6,2.255735993,2.255735993,100
349,urban,6,2,2.898923993,0.966307998,33.33333333
350,urban,5,3,1.482405066,0.88944304,60
351,urban,7,3,2.560579091,1.097391039,42.85714286
352,urban,7,4,2.377304912,1.358459949,57.14285714
353,urban,9,7,3.270276099,2.543548077,77.77777778
354,rural,13,1,10.6841802,0.821860015,7.692307692
355,rural,7,2,5.502888799,1.572253942,28.57142857
356,rural,6,0,5.420639992,0,0
357,rural,5,3,4.837034941,2.902220964,60
358,rural,7,3,6.037654042,2.587566018,42.85714286
359,rural,10,3,8.685879707,2.605763912,30
360,rural,6,4,4.357128024,2.904752016,66.66666667
361,rural,2,0,1.731680036,0,0
362,rural,4,0,3.103672028,0,0
363,rural,6,0,4.882181883,0,0
364,rural,8,1,7.652376175,0.956547022,12.5
365,rural,4,1,2.728708029,0.682177007,25
366,rural,8,4,6.720320225,3.360160112,50
367,rural,10,2,9.75301981,1.950603962,20
368,rural,7,4,4.896191835,2.797823906,57.14285714
369,rural,9,2,7.32528019,1.627840042,22.22222222
370,rural,10,1,7.998960018,0.799896002,10
371,rural,3,1,2.132006943,0.710668981,33.33333333
372,rural,8,2,5.86022377,1.465055943,25
373,rural,10,0,8.178079724,0,0
374,rural,5,1,4.894529879,0.978905976,20
375,rural,7,2,5.34261018,1.526460052,28.57142857
376,rural,13,4,9.622405291,2.960740089,30.76923077
377,rural,7,1,5.387445152,0.769635022,14.28571429
378,rural,12,6,8.509451866,4.254725933,50
379,rural,4,2,2.946156025,1.473078012,50
380,rural,7,2,5.146931887,1.470551968,28.57142857
381,rural,9,5,5.593005002,3.107225001,55.55555556
382,rural,10,4,7.092469931,2.836987972,40
383,rural,9,3,12.11599839,4.038666129,33.33333333
384,rural,7,3,4.54405719,1.947453082,42.85714286
385,rural,13,1,10.22746432,0.786728024,7.692307692
386,rural,4,2,3.3827281,1.69136405,50
387,rural,8,4,5.865151882,2.932575941,50
388,rural,8,3,6.174672127,2.315502048,37.5
389,rural,10,2,7.875859737,1.575171947,20
390,rural,6,0,5.152769923,0,0
391,rural,8,3,5.9917202,2.246895075,37.5
392,rural,6,1,4.867421865,0.811236978,16.66666667
393,rural,10,1,9.390320182,0.939032018,10
394,rural,11,0,8.39424324,0,0
395,rural,10,0,8.004209995,0,0
396,rural,12,0,8.494259834,0,0
397,rural,8,3,5.574359894,2.09038496,37.5
398,rural,11,4,8.625562191,3.136568069,36.36363636
399,rural,10,2,7.209299803,1.441859961,20
400,rural,4,3,3.007791996,2.255843997,75
401,rural,12,2,8.356043816,1.392673969,16.66666667
402,rural,13,4,11.89195818,3.659064054,30.76923077
403,rural,11,2,7.648805976,1.390691996,18.18181818
404,rural,8,0,6.7654562,0,0
405,rural,4,3,2.272255898,1.704191923,75
406,rural,14,0,10.20535624,0,0
407,rural,6,0,4.8661201,0,0
408,rural,6,0,5.861531854,0,0
409,rural,3,1,2.447714925,0.815904975,33.33333333
410,rural,8,1,5.968048096,0.746006012,12.5
411,rural,10,0,7.830200195,0,0
412,urban,9,4,3.670748949,1.631443977,44.44444444
413,urban,6,4,3.128064036,2.085376024,66.66666667
414,urban,5,1,2.148855031,0.429771006,20
415,urban,6,4,2.504688084,1.669792056,66.66666667
416,urban,11,4,4.059967935,1.476351976,36.36363636
417,urban,9,4,17.5080775,7.781367779,44.44444444
418,urban,9,1,4.101237059,0.455693007,11.11111111
419,urban,11,3,4.660975099,1.271175027,27.27272727
420,urban,5,5,1.913200021,1.913200021,100
421,urban,6,2,2.287884057,0.762628019,33.33333333
422,urban,11,5,4.082441032,1.855655015,45.45454545
423,urban,11,5,4.229400963,1.922454983,45.45454545
424,urban,11,5,4.561117142,2.073235065,45.45454545
425,urban,10,5,3.194350004,1.597175002,50
426,urban,16,3,6.13142395,1.149641991,18.75
427,urban,12,3,4.558967829,1.139741957,25
428,urban,7,4,2.541461915,1.452263951,57.14285714
429,urban,4,2,1.117323995,0.558661997,50
430,urban,7,4,2.158548027,1.233456016,57.14285714
431,rural,7,3,11.74096715,5.031843066,42.85714286
432,rural,2,1,2.420111895,1.210055947,50
433,rural,3,0,4.39142704,0,0
434,rural,4,0,4.90598011,0,0
435,rural,4,1,5.627903938,1.406975985,25
436,rural,7,3,8.102527738,3.472511888,42.85714286
437,rural,8,2,8.970144272,2.242536068,25
438,rural,5,0,6.080719829,0,0
439,rural,5,2,6.669470072,2.667788029,40
440,rural,3,1,3.784277916,1.261425972,33.33333333
441,rural,7,2,8.965831041,2.561666012,28.57142857
442,rural,7,2,9.237522006,2.639292002,28.57142857
443,rural,9,6,12.31091988,8.207279921,66.66666667
444,rural,5,2,12.32887506,4.931550026,40
445,rural,4,0,4.698431969,0,0
446,rural,3,0,2.183238029,0,0
447,rural,3,0,3.88677907,0,0
448,rural,4,3,6.090675831,4.568006873,75
449,rural,10,7,11.95443988,8.368107915,70
450,rural,9,7,10.47954619,8.150758147,77.77777778
451,rural,1,0,1.239114046,0,0
452,rural,8,2,11.84988022,2.962470055,25
453,rural,5,2,6.30712986,2.522851944,40
454,rural,8,1,10.29266357,1.286582947,12.5
455,rural,8,6,11.11608028,8.337060213,75
456,rural,7,4,8.333919883,4.762239933,57.14285714
457,rural,5,1,6.060295105,1.212059021,20
458,rural,10,4,11.96964025,4.787856102,40
459,urban,5,2,3.65087986,1.460351944,40
460,urban,5,2,3.613134921,1.445253968,40
461,rural,4,0,5.589087963,0,0
462,rural,10,2,13.62588048,2.725176096,20
463,rural,11,4,14.65842426,5.330336094,36.36363636
464,rural,14,3,20.64858675,4.424697161,21.42857143
465,rural,9,4,12.86513078,5.717835903,44.44444444
466,rural,20,2,25.87542057,2.587542057,10
467,rural,11,5,14.11529863,6.416044831,45.45454545
468,rural,6,2,7.912266254,2.637422085,33.33333333
469,rural,5,2,5.968739986,2.387495995,40
470,rural,8,1,10.58539963,1.323174953,12.5
471,rural,8,3,10.01965618,3.757371068,37.5
472,rural,4,1,5.28380394,1.320950985,25
473,rural,5,0,5.21476984,0,0
474,rural,7,0,8.497594357,0,0
475,rural,12,3,15.65737152,3.91434288,25
476,rural,6,4,7.256363869,4.837575912,66.66666667
477,rural,5,4,6.513684988,5.21094799,80
478,rural,3,3,3.70581007,3.70581007,100
479,rural,4,2,4.299300194,2.149650097,50
480,rural,6,2,7.146047831,2.382015944,33.33333333
481,urban,5,2,3.653999865,1.461599946,40
482,rural,5,3,6.359379888,3.815627933,60
483,rural,14,0,19.80823541,0,0
484,rural,9,2,12.94532132,2.876738071,22.22222222
485,rural,7,1,9.780903935,1.397271991,14.28571429
486,rural,6,2,6.810233831,2.270077944,33.33333333
488,rural,13,6,16.5996356,7.661370277,46.15384615
489,rural,5,1,6.3231951,1.26463902,20
490,rural,4,1,5.070271969,1.267567992,25
491,rural,1,1,1.290536046,1.290536046,100
492,rural,7,2,9.361260653,2.674645901,28.57142857
493,urban,7,4,4.82940501,2.759660006,57.14285714
494,urban,6,2,5.059937954,1.686645985,33.33333333
495,urban,13,6,10.50466287,4.848305941,46.15384615
496,urban,7,4,4.792220831,2.738411903,57.14285714
497,urban,7,1,5.503925204,0.786275029,14.28571429
498,urban,4,3,3.024264097,2.268198073,75
499,urban,4,4,1.305439949,1.305439949,100
500,urban,4,4,2.782219887,2.782219887,100
501,urban,6,5,4.583418131,3.819515109,83.33333333
502,urban,4,3,3.094320059,2.320740044,75
503,urban,4,0,2.931979895,0,0
504,urban,10,3,7.871930003,2.361579001,30
505,urban,7,1,5.056639016,0.722377002,14.28571429
506,urban,7,4,4.440835118,2.537620068,57.14285714
507,urban,7,2,5.005021095,1.430006027,28.57142857
508,urban,2,1,1.428686023,0.714343011,50
509,urban,3,3,2.127366006,2.127366006,100
510,urban,6,2,4.313610077,1.437870026,33.33333333
511,urban,4,3,2.841228008,2.130921006,75
512,urban,4,4,3.486959934,3.486959934,100
513,urban,8,3,5.74960804,2.156103015,37.5
514,urban,2,1,0.743434012,0.371717006,50
515,urban,4,4,1.450376034,1.450376034,100
516,urban,2,2,0.618094027,0.618094027,100
517,urban,5,0,1.852815002,0,0
518,urban,5,1,1.223845035,0.244769007,20
519,urban,7,6,2.30397296,1.974833965,85.71428571
520,rural,11,6,12.30750465,6.713184357,54.54545455
521,rural,6,3,6.630977869,3.315488935,50
522,rural,3,2,2.908182085,1.938788056,66.66666667
523,rural,7,4,9.907540679,5.661451817,57.14285714
524,rural,7,4,7.897316098,4.512752056,57.14285714
525,rural,7,3,14.46759248,6.200396776,42.85714286
526,rural,6,3,6.557255745,3.278627872,50
527,rural,1,1,1.142838955,1.142838955,100
528,rural,5,0,6.281620264,0,0
529,rural,2,1,1.726245999,0.863123,50
530,rural,4,2,4.345675945,2.172837973,50
531,rural,10,0,13.88064027,0,0
533,rural,13,1,14.22199976,1.093999982,7.692307692
534,rural,11,3,11.49967563,3.136275172,27.27272727
535,rural,10,0,11.93950057,0,0
536,rural,9,0,8.940518796,0,0
537,rural,6,0,6.595518351,0,0
538,rural,5,1,5.860714912,1.172142982,20
539,rural,7,4,9.283371687,5.304783821,57.14285714
540,rural,7,2,8.246028185,2.356008053,28.57142857
541,rural,10,1,10.72510958,1.072510958,10
542,rural,7,1,8.843169689,1.263309956,14.28571429
543,rural,7,2,8.350166917,2.385761976,28.57142857
544,rural,16,1,18.70740891,1.169213057,6.25
545,rural,11,0,13.15144563,0,0
546,rural,9,4,9.973062515,4.432472229,44.44444444
547,rural,15,4,16.36033416,4.362755775,26.66666667
548,rural,5,3,5.722489953,3.433493972,60
549,rural,8,1,10.00228786,1.250285983,12.5
550,rural,8,2,7.87680006,1.969200015,25
551,rural,3,0,3.245246887,0,0
552,rural,5,0,5.890020132,0,0
553,rural,3,1,3.133136988,1.044378996,33.33333333
554,rural,10,5,11.34047985,5.670239925,50
555,rural,2,0,2.373589993,0,0
556,rural,5,0,6.065840125,0,0
557,rural,9,2,10.94112003,2.431360006,22.22222222
558,rural,2,0,2.391171932,0,0
559,rural,4,1,5.760243893,1.440060973,25
560,rural,5,0,5.636630058,0,0
561,rural,4,1,4.541555882,1.13538897,25
562,rural,6,1,7.267283678,1.211213946,16.66666667
563,rural,8,0,9.297679901,0,0
564,rural,9,4,10.01105976,4.449359894,44.44444444
565,rural,7,2,7.446039915,2.127439976,28.57142857
566,rural,16,0,18.45422363,0,0
567,rural,8,0,9.260968208,0,0
568,rural,3,2,3.560384989,2.373589993,66.66666667
569,rural,3,1,3.263685107,1.087895036,33.33333333
570,rural,7,1,4.923001945,0.703285992,14.28571429
571,rural,6,1,4.641683936,0.773613989,16.66666667
572,rural,10,5,12.12561965,6.062809825,50
573,rural,6,0,7.273457766,0,0
574,urban,4,3,1.773504019,1.330128014,75
575,rural,5,0,5.909554958,0,0
576,rural,8,5,9.80272007,6.126700044,62.5
577,rural,6,1,7.519746065,1.253291011,16.66666667
578,rural,7,2,9.025498629,2.578713894,28.57142857
579,rural,6,3,7.69988966,3.84994483,50
580,rural,4,2,4.478819847,2.239409924,50
581,urban,4,2,1.519096017,0.759548008,50
582,urban,7,2,4.367663801,1.247903943,28.57142857
583,urban,2,2,1.113595963,1.113595963,100
584,urban,3,3,1.478222966,1.478222966,100
585,urban,8,4,3.519511938,1.759755969,50
586,urban,4,1,2.215867996,0.553966999,25
587,urban,9,5,5.33104223,2.961690128,55.55555556
588,urban,6,2,2.515902042,0.838634014,33.33333333
589,urban,7,2,2.911159962,0.831759989,28.57142857
590,urban,7,2,3.113536924,0.889581978,28.57142857
591,urban,8,0,3.835720062,0,0
592,urban,4,4,1.842244029,1.842244029,100
593,urban,12,2,4.619364023,0.769894004,16.66666667
594,urban,9,3,3.142529994,1.047509998,33.33333333
595,urban,4,0,1.936687946,0,0
596,urban,11,3,5.027341127,1.371093035,27.27272727
597,urban,6,3,3.077183962,1.538591981,50
598,urban,7,4,3.257239938,1.861279964,57.14285714
599,urban,8,3,3.262048006,1.223268002,37.5
600,urban,7,7,2.925593913,2.925593913,100
601,urban,6,5,2.677128017,2.230940014,83.33333333
602,urban,6,6,2.519651949,2.519651949,100
603,urban,13,10,7.08156836,5.447360277,76.92307692
604,urban,8,4,2.717272043,1.358636022,50
605,rural,21,4,15.7144255,2.993223906,19.04761905
606,rural,7,5,5.027988076,3.591420054,71.42857143
607,rural,9,1,5.863725185,0.651525021,11.11111111
608,rural,20,0,23.10303926,0,0
609,rural,8,1,5.534832001,0.691854,12.5
610,rural,7,1,4.0145908,0.573512971,14.28571429
611,rural,7,2,3.965324819,1.132949948,28.57142857
612,rural,9,0,6.378300011,0,0
613,rural,9,2,5.267007172,1.170446038,22.22222222
614,rural,8,2,5.371304035,1.342826009,25
615,rural,6,0,3.972198129,0,0
616,rural,11,3,6.635046124,1.809558034,27.27272727
617,rural,16,1,10.5763998,0.661024988,6.25
618,rural,10,1,7.179380059,0.717938006,10
619,rural,6,2,3.369300127,1.123100042,33.33333333
620,rural,10,2,5.608270168,1.121654034,20
621,rural,11,0,7.428993046,0,0
622,rural,6,2,2.906604052,0.968868017,33.33333333
623,rural,3,1,2.358603001,0.786201,33.33333333
624,rural,10,1,6.804230213,0.680423021,10
625,rural,7,3,4.652402878,1.993886948,42.85714286
626,rural,14,2,10.16682816,1.452404022,14.28571429
627,rural,20,1,13.89649987,0.694824994,5
628,rural,10,4,6.136220098,2.454488039,40
629,rural,19,6,11.45042562,3.615923882,31.57894737
630,rural,16,7,10.5413599,4.611844957,43.75
631,rural,13,3,8.138467848,1.878107965,23.07692308
632,rural,6,0,4.090182066,0,0
633,rural,11,1,6.912069857,0.628369987,9.090909091
634,rural,10,2,6.736479998,1.347296,20
635,rural,14,1,9.101722002,0.650123,7.142857143
636,rural,11,1,7.21726495,0.656114995,9.090909091
637,urban,11,1,4.084310949,0.371300995,9.090909091
638,urban,9,0,3.041721046,0,0
639,rural,15,0,9.783375263,0,0
640,rural,11,2,7.239781976,1.316323996,18.18181818
641,rural,4,1,2.797384024,0.699346006,25
642,rural,8,4,4.796616077,2.398308039,50
643,rural,19,7,11.66713971,4.298419893,36.84210526
644,rural,5,3,3.269299865,1.961579919,60
645,rural,20,8,11.90322042,4.761288166,40
646,rural,11,8,7.092392921,5.158103943,72.72727273
647,rural,12,6,7.110719919,3.55535996,50
648,rural,14,1,8.872374296,0.633741021,7.142857143
649,rural,17,3,13.73105264,2.423126936,17.64705882
650,rural,21,4,12.95786083,2.468163967,19.04761905
651,rural,11,3,6.881435215,1.876755059,27.27272727
652,rural,13,5,8.585174084,3.301990032,38.46153846
653,rural,17,3,10.08409446,1.779546082,17.64705882
654,urban,12,0,2.133576035,0,0
655,urban,5,3,1.627254933,0.97635296,60
656,urban,5,0,1.626445055,0,0
657,urban,12,2,4.084787965,0.680797994,16.66666667
658,urban,7,1,1.428783953,0.204111993,14.28571429
659,urban,3,3,1.037153989,1.037153989,100
660,urban,24,3,8.358120203,1.044765025,12.5
661,urban,11,2,3.773637891,0.68611598,18.18181818
662,urban,10,5,3.167769909,1.583884954,50
663,urban,7,1,2.311371952,0.330195993,14.28571429
664,urban,5,4,1.687570065,1.350056052,80
665,urban,9,5,2.893652916,1.607584953,55.55555556
666,urban,12,0,4.164564013,0,0
667,urban,6,0,1.434581995,0,0
668,urban,6,0,1.300800025,0,0
669,urban,6,2,1.291644037,0.430548012,33.33333333
670,urban,18,16,4.074623913,3.621887922,88.88888889
671,urban,8,5,1.72547996,1.078424975,62.5
672,urban,7,5,1.517039999,1.0836,71.42857143
673,urban,6,3,1.400346011,0.700173005,50
674,urban,7,4,1.536268994,0.877867997,57.14285714
675,urban,13,9,2.887898058,1.99931404,69.23076923
